	INSERT INTO TB_USER (id, created, modified, last_login, token, name, email, password) VALUES ('1', CURRENT_TIMESTAMP, CURRENT_TIMESTAMP, CURRENT_TIMESTAMP, '1', 'Fabiano Costa de Alvarenga', 'fabiano.costa.alvarenga@gmail.com', '$2a$10$9MFVsYlFwmMh9r/XV89VC.QWZHIKLqMGhskxq17gJ2JqbgcgB5.fi');
--	INSERT INTO TB_USER (id, created, modified, last_login, token, name, email, password) VALUES ('2', CURRENT_TIMESTAMP, CURRENT_TIMESTAMP, CURRENT_TIMESTAMP, '2', 'Michelle C. B. de Andrade Alvarenga', 'michelle-andrade@gmail.com', 'michelle');
--	INSERT INTO TB_USER (id, created, modified, last_login, token, name, email, password) VALUES ('3', CURRENT_TIMESTAMP, CURRENT_TIMESTAMP, CURRENT_TIMESTAMP, '3', 'Gabriel Soares Franco', 'asf2@gmail.com', 'gabriel');
--	INSERT INTO TB_USER (id, created, modified, last_login, token, name, email, password) VALUES ('4', CURRENT_TIMESTAMP, CURRENT_TIMESTAMP, CURRENT_TIMESTAMP, '4', 'Anne de Andrade Alvarenga','anneaa@gmail.com', 'anne');
--	INSERT INTO TB_USER (id, created, modified, last_login, token, name, email, password) VALUES ('5', CURRENT_TIMESTAMP, CURRENT_TIMESTAMP, CURRENT_TIMESTAMP, '5', 'Marlene Costa de Alvarenga','marleneca@gmail.com', 'marlene');
--	INSERT INTO TB_USER (id, created, modified, last_login, token, name, email, password) VALUES ('6', CURRENT_TIMESTAMP, CURRENT_TIMESTAMP, CURRENT_TIMESTAMP, '6', 'Almir Macedo de Freitas','almirmf@gmail.com', 'almir');
--	INSERT INTO TB_USER (id, created, modified, last_login, token, name, email, password) VALUES ('7', CURRENT_TIMESTAMP, CURRENT_TIMESTAMP, CURRENT_TIMESTAMP, '7', 'Carla de Alvarenga Muzy','carlaam@gmail.com', 'carla');


	INSERT INTO TB_PHONE (id, number, ddd) VALUES ('1', '986126917', '21');
--	INSERT INTO TB_PHONE (id, number, ddd) VALUES ('2', '986126975', '21');
	INSERT INTO TB_PHONE (id, number, ddd) VALUES ('3', '20107988', '21');
--	INSERT INTO TB_PHONE (id, number, ddd) VALUES ('4', '36320812', '21');
--	INSERT INTO TB_PHONE (id, number, ddd) VALUES ('5', '26301600', '21');


	INSERT INTO TB_USER_PHONES (user_id, phone_id) VALUES ('1','1');
	INSERT INTO TB_USER_PHONES (user_id, phone_id) VALUES ('1','3');
--	INSERT INTO TB_USER_PHONES (user_id, phone_id) VALUES ('2','2');
--	INSERT INTO TB_USER_PHONES (user_id, phone_id) VALUES ('2','3');
--	INSERT INTO TB_USER_PHONES (user_id, phone_id) VALUES ('3','3');
--	INSERT INTO TB_USER_PHONES (user_id, phone_id) VALUES ('4','3');
--	INSERT INTO TB_USER_PHONES (user_id, phone_id) VALUES ('5','4');
--	INSERT INTO TB_USER_PHONES (user_id, phone_id) VALUES ('6','4');
--	INSERT INTO TB_USER_PHONES (user_id, phone_id) VALUES ('7','5');
	

